is_late,avg_review,count,label
0,4.213398521856934,86909,On Time
1,2.564069264069264,7275,Late
